Center_x,Center_y
0,0
0,0
0,0
0,0
0,0
685.532,79.6262
674.784,86.4
673.091,89.5795
685.532,84.6029
685.532,89.5795
669,87
674.794,96.5358
675.286,98.5442
675.633,100.464
670.5,95
686.687,101.585
686.776,104.509
687.178,106.494
672.5,103.5
673,104.5
684.706,111.142
684.288,114.463
674.5,109
675,109.5
660.118,115.38
660.74,116.171
676.5,112
676.5,113.5
677.5,113.5
678,113.5
678.5,113.5
679,115.5
679.5,116.5
680,115
685.532,124.416
681,116
681.5,117.5
682.5,118
682.5,117
684.288,124.416
683.5,118.5
683.5,120
683.5,119.5
684.5,120
685,120.5
685.5,122.5
685.5,123.5
685.5,123
686,123
686,126
687,126
687,126
686.348,135.551
688,130
688,130
688.5,129.5
689,130
689.5,131
690,133.5
690.5,134.5
690.5,134.5
691.5,135
691.5,134.5
692.5,137.5
692.5,138
693.5,138.5
694,137.5
694,139.5
695,141.5
695,142
696,142
696,142
697,143
697,145
697.5,146.5
698,146
699,146
699,147.5
699.5,149
700,150.5
700.5,150
701,150.5
701.5,152
702,154
702.5,154.5
703,155
703.5,154.5
704.5,157.5
704.5,158.5
706,158.5
706,159
706.5,161
707,161.5
707.5,161.5
708.5,162
708.5,163
709.5,165.5
710,164.5
710.5,165.5
711,166
711.5,166.5
712,167.5
712,169.5
724.723,174.182
713,170.5
714,170.5
714,170.5
714,172
715,173.5
715,172
715,173
715,175
715.5,176
715.5,175
715.5,175
715.5,178
715.5,179
716,179.5
715.5,180
715.5,180
720.332,187.497
720.241,188.424
715.5,184
715.5,183.5
715,185
715,186.5
723.168,190.08
705.888,190.08
714.5,187.5
714.5,187
714,189.5
731.808,196.992
714,189.5
713.5,190
713,189.5
713,191.5
713,192
712.5,191
712,191.5
713.5,192
713.259,192.282
711,192.5
711,193
710.5,192
710,193.5
734.054,194.918
709.5,193.5
709,193
709,193.5
692.582,199.066
708,194
708,193.5
707.5,194.5
689.378,197.266
707.5,195
707,195.5
706,195.5
713.318,203.213
705.5,196.5
705,197
705,197
703.687,205.106
703.429,205.282
704,198
704,198.5
693.619,199.066
693.32,199.058
703,198
702.5,197.5
702.5,197
722.172,199.103
721.869,199.088
702.5,197.5
702,197
702,197.5
702,197
701.5,197
701,197
701,196.5
721.511,194.802
701,196.5
701,196
700.5,196.5
683.233,194.964
700,196
700,195
700,195.5
682.975,198.952
700,195
699,194
699,194.5
724.723,194.918
698,193.5
698,193
698.5,193.5
712.241,198.912
697.5,193.5
698,192.5
696.5,193.5
684.288,199.066
697,193
697.5,193
682.195,195.036
697,193.5
697,193.5
699,193
714.355,199.066
715.017,199.044
715.361,198.912
714.355,199.066
714.895,198.786
715.351,198.51
715.723,198.208
702,191
724.223,190.474
724.704,190.057
703,189.5
704,189
724.185,190.391
724.828,189.894
705,188
707.5,187
698.976,193.536
699.545,193.203
708,186
708,185
694.241,189.112
711,185
710,184
711.5,184.5
711,184.5
713.5,183.5
713,184
734.487,182.457
714,183
714.5,183.5
736.09,182.409
716,183
717,183
713.318,186.624
718,183.5
719,182.5
711.245,186.624
721,183.5
722.5,182.5
709.879,186.574
723.5,183
724,182
731.887,186.708
726,182.5
727,182
728,183.5
729,182.5
729,182
720.808,186.846
731,184
731,183
731,184.5
750.816,186.624
732,185
732.5,184.5
733.191,190.926
733,186.5
733,186
733,185.5
742.438,191.086
731.981,190.771
733,188
732.5,188
722.31,191.55
722.248,192.011
732.5,190
732,190
723.686,190.771
734.054,194.918
731.5,192.5
731,193
732.672,200.448
730.5,194
730,193.5
731.981,199.066
742.349,190.771
705.024,196.992
728.5,197
728,197.5
735.091,203.213
734.508,203.781
726,200
726,200.5
725.5,201.5
735.091,207.36
742.176,210.816
742.176,210.816
723.5,204.5
733.427,208.171
732.888,208.908
732.357,209.519
721.5,207
721,207.5
733.449,212.265
732.809,212.775
718.56,216
719,210
718,210
717.852,210.637
717.509,211.234
717.194,211.681
716.683,212.104
715.5,213
716.195,213.088
715.919,213.575
715.577,214.023
715.201,214.529
714.817,215.039
714.411,215.33
715.392,221.184
684.288,221.184
725.76,217.728
725.391,218.063
725.76,221.184
725.486,221.397
724.998,221.567
673.92,221.76
725.76,228.096
725.76,228.096
691.2,227.52
691.2,227.52
691.2,227.52
691.03,227.813
690.783,227.811
690.516,228.028
690.24,228.052
689.991,228.236
689.855,228.39
673.92,227.52
673.822,227.781
673.78,228.012
714,232
673.92,228.096
673.92,228.096
673.92,228.096
673.949,228.214
673.962,228.455
674.195,228.662
674.216,228.876
674.284,229.047
674.397,229.27
674.435,229.513
673.92,231.552
673.92,231.552
673.92,231.552
674.017,231.647
684,232
691.2,232.8
691.329,232.784
691.466,232.783
673.92,230.4
673.92,230.4
673.92,230.4
673.92,230.4
674.349,230.124
674.624,229.937
674.942,229.673
676.8,228
672,222
672,222
673.92,228.096
673.92,228.096
674.491,227.856
676.8,225.6
677.19,225.297
677.488,225.109
684.288,224.64
684.288,224.64
684.701,224.356
685.216,224.132
685.498,223.892
678,218
678,218
678.368,217.954
684,223.2
684,223.2
684.523,222.949
684.965,222.904
685.391,222.714
685.769,222.556
686.247,222.434
736.128,221.184
736.128,221.184
684,216
702,224
684,216
684.309,215.959
684,216
684.288,221.184
684.548,221.175
684.879,221.036
685.167,220.883
685.556,220.824
691.2,220.8
691.673,220.516
691.2,218.4
708,222
708,222
691.2,218.4
691.2,216
708,220
708,220
690,212
730,211.5
714.355,211.507
714.355,211.507
724.723,215.654
731.5,210.5
732,210.5
724.772,215.455
724.769,215.465
732,210.5
732.5,209.5
733.018,215.654
733.018,215.654
731,210.5
735.091,215.654
734.853,215.643
735.091,215.654
730,210.5
731.5,209.5
734.054,215.654
734.054,215.654
728,210.5
729.5,210
734.459,215.653
745.459,211.507
726,210.5
725.5,210.5
714.58,217.996
734.054,215.654
733.051,215.865
732.129,216.068
731.07,216.285
729.995,216.52
734.054,219.802
732.976,220.121
731.796,220.558
705.024,224.64
699.84,221.76
705.024,224.64
704.094,225.091
699.84,224.64
698.879,224.931
696,224
725.76,228.096
725.02,228.478
705.024,228.096
705.024,228.096
704.27,228.337
703.627,228.691
694.656,228.096
684.288,228.096
690,228
690,228
689.453,228.222
676.8,228
676.351,228.303
676.8,228
676.39,228.05
675.841,228.034
675.515,228.074
675.157,228.078
674.693,228.099
694.656,231.552
694.656,231.552
682.56,230.4
682.56,230.4
672,230
671.715,229.999
682.56,230.4
682.312,230.405
666,230
665.665,230.212
684.288,231.552
684.288,231.552
684.288,231.552
684.288,231.552
684.288,231.552
683.802,231.569
683.503,231.553
683.33,231.547
673.92,230.4
673.723,230.232
673.498,230.233
673.259,230.189
673.191,230.155
673.261,230.03
673.181,229.687
673.103,229.5
673.004,229.014
672.996,228.557
673.92,228.096
673.936,227.94
673.834,227.514
673.866,227.186
660,226
666,224
673.92,224.64
673.92,224.64
674.031,224.145
673.92,224.64
674.109,224.184
674.322,223.71
678,222
678.416,221.475
673.92,221.76
674.511,221.29
673.92,221.184
692.5,212
683.251,207.36
683.251,203.213
714.355,211.507
714.701,211.082
696.5,209.5
695,208
698,208
683.251,211.507
683.665,210.784
696.5,206.5
697.5,204
697.5,204
721.86,202.533
698.5,202.5
699,201.5
699,201
705.888,200.448
700,199
700.5,198
722.65,199.066
701,197.5
701,196
692.307,190.458
692.717,189.88
703,194.5
702,194.5
723.91,194.513
704.5,193.5
704,193
709.603,198.653
705,191.5
710.208,194.918
706,191.5
708.5,189.5
715.392,194.089
707,191
708.5,189.5
708,191.5
709,190.5
709,190.5
710,190
733.018,190.771
713,190
711,189
711.5,189.5
722.031,194.84
712,190.5
712.5,189.5
713,189
713.5,188
714,188.5
734.403,186.263
734.631,185.804
715,188
715,186.5
716,186
716,185
716.5,184.5
716.5,185.5
717,185
717.5,183.5
717.5,182.5
717.5,181.5
717.5,181.5
717.5,180.5
717.5,180.5
718,179.5
718,180.5
718,180.5
718,179.5
718.5,178.5
718.5,177
718.5,177.5
718.5,178
724.101,179.159
736.543,174.182
721,176.5
719,176
720,175.5
719,175
719,175
719,175.5
719,176
722.658,182.488
718.5,175.5
718.5,174
718.5,174
718,174
717.5,174
717.5,175
717,175.5
716.5,175.5
716.5,174
716,174
716,174
715,174.5
715,175.5
715,176
714.5,175
714,175
714,175
714,175
713,175
713.5,174.5
713,174.5
713,174.5
711.5,175
712,176
712,176
712.5,175
712,174
712,174
711.5,173.5
711.5,173
711.5,172
711.5,171.5
713.5,171
711.5,171
711,171
710.5,171
711,171.5
710.5,169.5
710.5,168.5
710.5,168
710.5,170
711,170
711,169
711,169
711.5,168
711.5,169
711.5,170
711.5,170.5
712,170.5
712,169.5
712.5,169
712.5,167.5
712.5,167.5
712.5,168.5
713,169
713,170
713,169.5
713,168
713,168
713,167.5
713,166.5
713,166.5
713,168
713,167.5
713,166
713,165.5
713,165.5
713,165.5
713,167
713,165
713,164.5
713,164.5
713,165
713,166
713,164.5
712.5,163.5
712,164
712.5,165.5
712,164.5
712,164
712,163.5
712,164.5
712,165
711.5,164
711,164
711,163
711,164
711,165
711,164.5
711,164
711,163.5
711,163
711,162.5
711.5,162.5
712,163.5
712,163.5
712,163
735.091,165.888
735.246,165.654
712.5,163
713,163
712.5,163
713.5,161.5
713.5,161
713.5,160.5
713.5,160.5
713.5,160
714,160
714,159.5
714.5,159
714.5,159.5
714.5,160
714.5,159.5
714.5,159.5
715,158.5
715,158
715,157
715,157
715,156.5
716,156.5
715.5,155.5
716,155.5
716,155
716,154.5
716,155
716,155
716.5,156
716.5,155
716.5,154.5
716.5,154
716.5,153
716.5,152.5
716.5,152
716.5,152
717,153
717,153.5
717,154
717.5,154.5
717.5,153
717.5,152
737.787,154.276
725.345,159.252
725.545,159.344
718.5,153
718.5,154
719,154
719,153.5
719.5,153
720,153
720,153
720.5,153
720.5,153.5
720.5,153
721.5,153.5
721.5,153.5
722,154
722.5,154
723.5,155
723.5,154.5
724.5,154
724.5,154
725.5,154
736.543,154.276
726.5,154
727.5,154
727.5,154.5
728.5,155
728.5,155
729,155.5
729.5,155.5
730,155.5
730.5,155.5
730.5,154.5
731,154.5
731,154.5
731,155
731,155
732.5,155.5
731.5,156
732.5,156.5
731.5,157
732.5,155.5
731.5,155
731.5,155.5
731.5,155.5
731.5,156.5
731.5,156
731.5,155.5
731.5,155.5
731.5,155.5
732,155.5
732,156.5
732,156.5
732,157
732,158
732,157
732,156.5
731,156.5
732,156
731,156
730.5,156
730,156.5
729.5,157
729,158
728,157.5
727,156.5
726.5,156
725.5,156.5
725.5,156.5
724.5,156.5
723.5,156
723,157
722.5,158
722,158
721,158.5
720,159
719.5,159.5
719,159.5
718,159
717.5,159
717,158.5
716,159
716,158.5
722.157,164.392
714.5,158
714,159.5
713.5,161
713,159.5
713,159.5
712.412,160.061
713,162
712,160.5
711,161
710.5,162
710,163
710,162.5
710,162.5
709,162.5
709,163.5
708.5,164.5
708,165
708,164.5
707.5,164.5
707.5,165.5
707,165.5
707,165.5
706.5,165.5
706.5,166.5
706.5,166.5
706.5,166.5
706.5,167
707,166.5
707.5,166.5
707.5,167
707.5,166.5
708,166.5
708,166.5
708.5,166
708.5,165.5
708.5,165.5
708.5,165
709.5,165
709.5,164.5
709.5,164
709.5,165
709.5,165
710,165.5
710,165
710,163
710,163
710,163.5
724.101,164.229
711,162.5
711,162.5
712,162.5
712,162
713,161.5
713,160
714,159
714,158.5
715,158
715,156.5
716,156
716,155.5
717,156.5
718,156.5
718,154.5
718,153.5
719,152.5
719,150.5
719,152
720,151
720,151.5
720,150
720,149
720,148
720,148
720,147.5
720,147
720,148
720,148
720,146.5
720,146
720,146
722.857,154.276
719.5,146
719.5,148
719,147
719,146.5
718.502,153.446
719,145.5
719,147
719.5,147.5
719.5,146.5
719.5,146.5
719.5,146
719.5,146.5
720.5,147
720.5,148.5
721,147.5
721.303,148.785
729.907,153.446
729.907,153.446
722,147
723,148.5
723,148
724,149
724.5,148.5
725,147.5
726,149
726.5,146.5
727,146.5
727.5,146.5
728.5,146
728.5,145.5
729.5,144.5
729.5,145.5
730.5,145.5
731,145.5
731.5,146
732,145.5
732,144
732.5,143
733,143
733,143
734,144
734,144.5
734,144.5
735,144
735,143.5
735,143
735.5,142
735.5,142
736,142.5
736.5,142.5
736.5,142
736.5,142
736.5,142.5
737.5,143
737.5,143
737.5,143
737.5,143.5
737.5,143.5
737.5,144
737.5,144.5
737.5,145
738,144.5
738,145.5
738,146
738,146.5
738,147
738,147
739,147
739,146
739,146
740,146.5
740,146
741,145.5
741,146
741.5,146
742,145.5
742,145.5
742,146
742,146
743,146.5
743,147
743,147.5
743.5,147.5
743.5,148
743.5,148
744,148
744,148
744,148
744,148.5
743.5,148.5
743.5,148
743.5,148.5
743.5,149
743,149.5
742.5,149.5
742.5,149.5
742,149.5
742,148.5
741.5,149
741,149
741,149
740.5,149.5
740,149.5
740,150
739.5,150
739,151
739,151
738.5,152.5
738,153
737.5,153
737.5,154.5
736.5,154.5
736.5,154.5
735.5,155
735.5,154.5
734.5,155
734,155.5
733.5,155
733,157
732.5,158
732,159
731.5,158.5
730.5,158.5
730,158.5
729.5,161
729,162.5
728.5,163.5
728,164.5
728,165
727,165.5
726,166.5
726,167.5
726,168
725,168.5
725,169.5
725,171.5
724.5,171.5
724,171
724,171.5
724,172.5
724,173.5
724,174
724,174
725,173.5
724,175
724,176.5
725,176
724.5,176.5
724.5,176.5
724.5,178
732.672,183.168
725,178.5
725,178.5
726,179.5
725,180.5
745.459,182.477
726,180.5
726,180.5
726,181.5
726,182
725.957,182.394
726.013,182.783
726,183.5
726,182
726.5,183
726,184.5
745.61,182.753
726.5,184.5
726.5,185
726.5,185
726.5,186
722.65,190.771
712.282,190.771
712.336,191.034
727,188.5
727,188
727.5,187
727.5,188.5
731.981,194.918
731.981,194.918
728,189.5
728,189.5
728,190
728.308,189.592
728.5,190.5
728.5,190
728.5,190
728.308,189.592
728.308,189.592
728.308,189.592
728.5,192
728,192.5
728,192.5
744.211,194.952
734.054,199.066
734.011,199.109
733.894,199.153
727.5,193
727.5,193
727,193
727,194
726.5,195
726,193.5
725.5,193.5
726,194
725,195
724.5,196
724,195
723.5,194
723.5,195.5
723,197
722.5,196.5
722,196
721.5,196
721,197
721.851,197.022
721.851,197.022
719.5,199
719,199.5
719,199.5
718,200.5
731.808,203.904
731.214,204.271
716.5,201.5
716,202.5
715.5,202.5
714.828,202.939
714.167,203.394
714,204
713,204.5
712.5,204.5
711.5,205
734.182,203.568
733.478,203.85
709,206.5
708.5,206.5
708,207
707,208
695.909,212.034
695.323,212.53
705,209
704,209
703,209.5
702,210.5
712.8,210.816
712.8,214.272
700,211.5
699,211.5
698,212
697,212.5
713.318,215.654
712.45,215.703
711.702,215.713
682.214,215.654
706.752,217.728
692.582,215.654
692.086,215.392
692,212
692,211.5
691,211.5
671.846,215.654
675.36,218.88
674.991,218.424
680.832,210.816
690.5,209
689,208.5
688.5,208.5
688,207.5
687.5,207
687,206
687,205.5
686.5,206
686,206
684.288,211.507
685.5,205.5
685,205.5
684.5,204.5
684,204
683.5,204
683,203
682.5,202.5
682,202
682,203
681,203
696.526,198.863
681,201.5
680.5,201
680,200.5
680,200
680,201
660.209,198.901
679.5,201.5
679,201
679.5,200
679.5,199.5
679.5,199.5
679.5,199.5
679.5,200
680,200.5
680.03,200.134
702.95,203.213
703.397,202.96
681,199
681,199
681.5,198.5
681.5,197.5
682.5,196.5
682.5,197
683.5,198
660.908,199.013
684,199
697.102,203.324
685,198
685.5,198
686,197.5
686.5,197.5
686.5,197
687,197.5
687.5,198
688,198.5
688.56,198.621
682.214,199.066
689,198.5
690,198.5
690.5,198.5
691,198
692,197.5
692.5,197.5
693,198
694,198.5
694,199
694,198.5
713.318,199.066
696,198.5
697,198
697.5,198.5
698,198
699,198.5
699,198
700,199
701,199
701,199.5
702,200
702.292,200.06
694.656,207.36
703,200
704,198.5
704,199
704.5,199
705,198.5
705.5,198.5
705.5,198.5
706,199
706.5,199
714.355,199.066
706.5,200
707,200
707,199
707,199
707,199
707,199
707,199
707,198
707,199
707,200
707.5,199.5
706.5,199.5
706.5,199.5
706,199.5
705.5,199.5
706,199.5
705.5,199.5
705.5,199.5
705.5,199
705.5,199
705.5,198.5
705,198.5
705,198.5
705,198.5
705,198
705,198
705,198
705,198
705.888,203.904
705,197
705,197
705.5,196
705.5,195
706.5,194
706,194
706,194
706,193.5
706,193
706,192.5
706,192.5
706,192.5
705,192
705,192
705,192
705,192
705,192
704,192
703.5,192.5
703,191.5
702.5,192.5
694.235,196.551
701.5,192.5
701.5,191.5
700.5,191.5
700.5,191
699.5,191
698.5,190
698,189
697.5,189
696.5,188.5
696,188.5
695,187.5
694,188
693.5,188.5
692.5,189
692,188.5
691,187.5
690.5,187.5
689.5,187
688.5,186.5
688,186.5
687,186
686,186
685,187.5
684.5,187.5
679.885,193.73
678.926,193.71
681.5,187
680.5,187
680,186.5
679.5,187
678.5,187.5
680.048,193.565
677.5,187.5
676,188
675.5,187.5
675.5,186.5
674,187.5
679.104,190.771
673,189.5
672,188.5
671.5,188
671,188.5
670,189.5
670,189.5
669,190
669,188.5
668,188.5
668,188.5
667,188
667,188
666,187.5
666,188
665.5,188.5
665,189
665,189
664.5,188
664,188
663,187.5
664.5,187.5
664,187
664,187
664,187.5
664,185.5
664,185
664,185
665,185
665,185.5
666,185.5
666,185
666,185
666.5,184
668,184
667.5,184
668,183.5
668,183
668.5,183
669,183.5
680.837,186.531
680.873,186.542
669,183
671,183
670,182.5
670.5,183
672,183.5
671,184
671.5,182.5
671.5,182.5
671.5,182
672.5,183
673,183.5
673.5,182.5
674,181.5
674.5,180.5
675.5,181.5
675,187.2
675,187.2
677.5,180
678.5,179.5
679.5,178.5
680.5,178.5
681.5,179.5
682.5,178.5
683.5,177.5
684.5,176.5
685,176
686,177.5
687,176
688,176
688.5,175
689.5,175
690.5,176
692,176.5
692.5,176.5
693.5,175
694.5,175
695.5,175.5
696.5,175
697.438,174.955
698.124,174.818
699.5,174.5
700.5,174.5
701.5,173.5
702,174
702.5,174.5
707.548,169.349
715.392,176.256
705,174
705.5,174
706,173.5
706.5,173.5
707.5,174
707.5,174.5
708.5,175.5
698.112,172.8
709,176.5
709.5,175
709.5,175.5
710.5,175
710.5,175
710.5,174
711.5,174.5
712,175.5
712.5,174.5
712.5,174.5
712.5,173
713.5,172
713.5,172
713.5,172
713.5,171.5
713.5,172
713.5,170
714.5,169.5
714.5,168.5
714.5,168.5
714.5,169
714.5,168.5
714.5,167.5
715,166.5
716,166.5
715,166.5
715,167
715,165.5
715,166
715,164.5
715,164.5
714.5,164.5
714,163.5
714,164.5
714,165.5
713.5,164.5
713,164
713,164
712.5,163.5
712,163.5
712,164
711,165
711,166
710.5,165
710,165
709,165
709,165
708,165.5
707,166
706,166.5
706,168
705,167.5
704,167
704,167
703,167.5
702,167.5
702,167.5
701,168
700,169
700,169.5
699,170.5
698,169.5
698,170
697,169.5
696.5,169.5
696,170
695,171
694,172
694,173
693,172
692.5,172
692,172.5
691,172.5
690,172.5
689.5,172.5
689,172.5
688,173
687.5,173.5
687,174
686,174
686,175
685,175.5
685,176
684,176
684,176
683,175.5
683,176
683,176
682,175.5
682,176
681,177
681,178
681,178.5
680,178.5
680,178
679.5,178.5
679,178
679,177.5
678.5,178
678,179
679,179.5
678,180.5
677.5,180.5
677,179.5
677,179.5
677,179
676.5,178.5
676.5,179.5
676.5,180.5
676,181.5
676,182.5
676,182.5
676,182
676,182.5
676,182
676,182.5
675.5,183.5
676,183.5
676,183.5
676,184
676,184
676,184
676,185.5
676,186
676.5,186.5
676.5,186.5
676.5,186.5
677,187
677,186.5
677.5,186.5
678,187.5
678,187.5
678.5,187.5
678.5,187.5
679.5,187.5
679.5,187
680,187
680.5,187.5
681.5,187.5
681.5,188.5
682.5,189
682.5,189.5
683.5,189.5
683.5,187.5
684.5,188
684.5,188
685.5,187.5
686,188
686.5,189
712.304,191.051
687.5,189.5
688.5,188.5
688.5,189.5
689.5,188.5
690,188.5
690.5,188.5
691.5,189
691.5,189.5
692.5,190.5
681.259,193.416
681.794,193.453
694.5,190
694.5,190
696.5,190
696,189.5
697,189.5
697,188
698,189
698.5,189
700.5,189.5
700,189.5
681.749,190.016
701,189
702,187.5
702,188
703.5,187.5
704,186.5
704,185.5
705,186.5
705,186
706,187.5
706.5,187
707,187
707.5,185.5
708,185
708,186
708,187
709,187
709,185.5
709.5,185.5
709.5,186.5
709.5,187
709.5,186
709.5,185
709.5,187
721.613,186.624
709.5,187
709.5,187.5
709.5,187.5
709,188
730.944,186.624
730.944,186.624
708.5,189.5
708.5,190
708,190
708,190
721.565,195.009
721.057,195.217
706.5,191
707,191
706,190.5
705,192
694.656,196.992
694.178,197.01
704,192
704,192.5
703,192
702.5,192.5
695.897,197.294
695.367,197.278
694.916,197.435
694.46,197.468
700,193.5
699,193
699,194
689.032,197.062
688.5,197.133
697,194
697,193.5
696,193
695,194
682.094,198.827
694.5,194.5
694,194.5
693,194.5
693,194.5
679.733,196.951
688.608,200.448
692,194.5
692,193.5
691,194
691,194
691,194
690.5,194.5
690,193.5
690.5,194
690,195
686.88,198.72
688.435,199.066
689.5,194
689.5,193.5
689.5,194
689.5,194
681.696,190.08
681.696,196.992
689.5,193.5
689.5,192
689.5,192
689.5,193
689.5,192
689.5,192
689.5,192.5
689.5,191.5
689.5,191.5
690,191.5
689.5,192
681.711,196.705
681.623,196.456
689.5,190.5
689.5,189.5
689.5,188.5
689.5,188
689.5,187
689,188
689,186
689,185
689,184.5
688.5,184.5
680.4,190.08
688,184.5
688,184
688,183
688,182.5
687.5,181
688,180.5
687.5,181.5
687.5,181.5
687.5,181.5
688,180.5
687,180
687,179
687,178.5
687.5,178.5
687.5,179.5
687.5,180
687.5,179.5
687.5,179
688.5,178.5
688,178
688,178
688,178
688.5,177.5
688.5,178.5
688.5,179.5
688.5,180
688.5,180.5
689,181
688.5,180.5
689,181
689,181
689,181.5
689,182
689,183.5
689.5,185
689.5,185
689.5,185
690,186
689.5,186.5
690,187.5
690,189
690.5,190.5
690.5,191.5
680.929,187.362
681.028,188.392
690.5,194.5
690.5,195
691.5,196
691.5,196.5
691.5,196
691.5,197
691.5,198
692.5,199.5
692,201
684.288,207.36
692,201
692,202.5
692.5,202
692.5,202.5
692.5,203
692.5,204.5
680.793,207.919
680.802,208.489
693,206.5
693,206.5
693,207
693,207.5
693.5,207.5
693,208.5
693,210
692.561,210.279
705.024,207.36
699.84,213.12
694,211
694,212
694,212
694,212
694,213
694.5,212.5
694.5,214
694.5,215
694.461,215.705
697.68,221.76
697.937,222.341
694.5,217
694.5,218
694.5,218
695.5,218.5
695,218.5
695.5,218.5
679.902,218.004
679.879,218.406
679.891,218.713
680.016,218.921
680.008,219.173
679.94,219.403
679.93,219.527
705.888,224.64
705.863,224.887
688.608,224.64
712.282,223.949
679.968,228.096
679.922,228.353
679.834,228.423
679.714,228.56
679.968,228.096
679.862,228.145
679.85,228.302
679.749,228.463
679.746,228.486
679.746,228.502
679.703,228.509
679.699,228.511
679.536,228.497
679.516,228.496
679.505,228.495
679.478,228.484
679.456,228.479
679.451,228.472
679.432,228.47
679.434,228.469
679.438,228.452
679.418,228.395
679.416,228.391
679.411,228.393
679.332,228.396
705.888,224.64
705.888,224.64
679.968,228.096
679.978,228.089
705.888,224.64
697.248,228.096
697.248,228.096
697.248,228.096
697.254,228.1
697.248,224.64
697.248,224.64
697.25,224.634
697.248,224.64
697.248,224.64
697.248,224.64
697.252,224.641
705.888,224.64
705.894,224.637
705.888,224.64
705.888,224.64
705.888,224.64
705.888,224.64
705.888,224.64
705.763,224.5
705.536,224.454
705.504,224.37
705.21,224.341
705.016,224.323
705.005,224.322
704.885,224.269
704.865,224.085
705.888,224.64
705.895,224.458
714.528,228.096
714.528,228.096
714.521,228.066
714.528,228.096
714.528,228.096
714.528,228.096
714.62,228.036
714.607,228.039
714.725,227.905
714.728,227.887
714.96,227.861
714.958,227.866
715.161,227.852
715.157,227.846
715.359,227.848
715.377,227.89
715.377,227.896
715.563,227.897
715.79,227.786
715.796,227.785
716.028,227.805
716.039,227.81
716.201,227.896
716.326,228.074
716.429,228.171
716.542,228.375
670.81,228.096
670.903,228.094
671.21,228.335
671.431,228.571
671.679,228.616
671.973,228.629
672.224,228.665
698.5,228
698.721,228.011
679.968,228.096
712.282,232.243
712.524,232.055
712.73,231.874
713.031,231.866
713.146,231.788
723.168,228.096
723.168,228.096
723.454,228.088
723.748,228.019
723.971,228.021
724.217,228.02
724.377,228.023
724.67,228.012
724.928,228.048
725.095,228.111
725.366,228.374
725.586,228.544
703.44,227.52
714.528,224.64
714.528,224.64
714.782,224.987
688.608,228.096
688.608,228.096
688.608,228.096
688.608,228.096
688.608,228.096
688.797,228.445
688.911,228.688
714.528,228.096
688.608,231.552
688.608,231.552
688.608,231.552
688.812,231.839
688.939,232.108
688.947,232.359
688.985,232.585
689.042,232.866
689.122,233.118
689.111,233.451
689.33,233.713
689.37,234.059
689.448,234.325
689.562,234.58
689.511,234.706
689.506,234.969
689.467,235.069
689.354,235.169
689.085,235.2
689.072,235.198
688.877,235.27
688.606,235.265
688.467,235.288
688.393,235.281
688.385,235.281
688.325,235.288
688.237,235.269
688.225,235.274
688.223,235.276
681.178,236.39
681.203,236.407
681.207,236.403
681.2,236.415
681.208,236.465
681.178,240.538
681.178,240.538
681.074,240.675
681.178,236.39
681.219,236.413
681.243,236.635
679.968,241.92
688.608,238.464
688.701,238.623
688.701,238.63
688.698,238.672
688.608,238.464
688.608,238.464
688.569,238.438
688.608,238.464
688.508,238.413
688.418,238.414
688.408,238.246
688.4,238.235
688.082,238.229
687.79,238.213
687.419,238.162
687.384,238.135
687.151,238.085
686.926,238
686.632,237.858
686.405,237.861
686.181,237.854
685.978,237.852
685.695,237.85
685.473,237.844
685.395,237.871
685.197,237.883
723.168,238.464
723.023,238.534
722.821,238.722
722.661,238.91
722.355,239.119
722.184,239.258
722.018,239.37
721.674,239.607
721.368,239.692
679.968,238.464
679.968,238.464
679.968,238.464
679.683,238.673
679.968,238.464
696.24,239.04
696.24,239.04
696.178,239.231
695.955,239.252
695.735,239.255
695.734,239.253
695.461,239.192
695.409,239.162
679.968,238.464
679.95,238.461
696.24,239.04
696.239,239.039
696.229,239.046
697.248,235.008
697.409,235.005
705.888,235.008
705.888,235.008
705.925,234.729
705.939,234.449
705.942,234.095
705.962,233.841
705.972,233.559
706.018,233.334
706.035,232.961
706.09,232.499
705.888,231.552
705.849,231.275
705.845,231.059
705.905,230.502
705.889,229.963
705.933,229.443
697.248,231.552
705.888,228.096
705.885,227.35
671.328,235.008
679.968,228.096
670.81,228.096
670.81,228.096
670.81,228.096
670.81,232.243
671.328,231.552
671.41,231.039
679.968,224.64
679.965,223.994
670.81,223.949
670.81,223.949
703.5,224
679.968,221.184
680.019,220.471
696,214.5
696,214
696,213
696,213
705.109,217.379
705.401,217.025
705.445,216.804
705.465,216.602
705.464,216.605
697,211.5
697,211.5
697,211.5
697,211
697,211.5
711.551,216.121
711.547,216.314
696.96,218.88
697,212.5
697,212.5
698,213
698,213.5
698,213.5
698,215
684.46,217.938
684.766,218.396
685.164,218.825
685.493,219.168
685.929,219.598
686.194,219.881
686.452,220.243
686.799,220.548
687.05,220.927
684.288,228.096
673.92,224.64
674.406,225.108
674.702,225.58
675.013,226.069
675.449,226.37
684.288,228.096
684.585,228.331
684.894,228.685
685.245,228.958
685.635,229.152
686.012,229.363
708,230
708,230
684,230
690,230
684,230
666,226
690,230
708,232
708,232
708.405,232.3
684,230.4
684,230.4
684.368,230.389
694.656,231.552
684,230.4
684.148,230.39
694.656,231.552
694.656,231.552
684,230.4
705.024,231.552
698.4,232.8
696,232
694.656,231.552
698.4,232.8
698.4,232.8
699.84,233.28
699.816,233.515
699.84,233.28
699.934,233.708
699.949,234.071
699.784,234.427
699.664,234.974
699.603,235.496
699.84,236.16
699.831,236.735
699.645,237.386
699.543,238.01
699.407,238.614
699.263,239.239
699.212,239.751
699.07,240.444
698.901,241.007
698.781,241.458
698.676,241.906
698.456,242.391
698.455,242.87
702,244
698.4,244.8
698.264,245.234
697.915,245.678
697.732,246.145
697.426,246.634
697.264,247.14
691.2,247.2
708,248
707.783,248.37
707.64,248.646
707.455,248.98
708,250
707.794,250.278
707.783,250.477
707.732,250.717
684,250
683.958,250.05
684,250
684.005,250
684.056,250.159
696,252
696,252
696,252
696.014,252.002
696,252
696,252
696.007,252.001
696.223,251.995
666,246
666,246
666,246
666,246
698.4,252
698.4,252
698.487,251.989
698.55,251.95
684,249.6
684.39,249.427
684.779,249.418
705.6,252
691.2,250.56
696,250
699.84,250.56
700.106,250.516
700.117,250.478
700.149,250.353
700.298,250.294
700.305,250.293
699.84,250.56
699.84,250.56
708.48,250.56
699.84,250.56
708.48,250.56
699.84,250.56
672,244
714,248
714,248
714,248
714.02,248.005
714,248
713.999,248.001
714.001,247.998
708,248
696,248
714,248
713.998,248.006
708,248
705.6,249.6
696,248
696,248
714,248
672,244
671.987,244.156
672.016,244.201
672.091,244.396
702,250
701.996,250.01
701.996,250.012
701.999,250.012
701.992,250.037
708,250
702,250
701.983,250.006
701.979,250.007
698.4,249.6
698.398,249.568
672,244
672,244
672,244
696,248
696,248
690,248
705.6,249.6
696,248
696,248
702,248
708,248
702,248
701.974,247.668
705.6,247.2
705.543,247.072
705.425,247.025
705.398,246.916
705.196,246.929
715.392,241.92
705.024,245.376
704.977,245.326
704.825,245.337
714,246
705.024,245.376
704.979,245.371
705.024,245.376
704.849,245.3
699.84,244.8
699.524,244.599
699.1,244.397
694.656,245.376
694.554,245.302
694.236,244.984
690,242
696,242
696,242
695.905,241.394
691.2,240
691.038,239.296
690,238
689.911,236.973
684,236
683.973,234.995
683.817,233.992
708,234
690,232
696,232
690,230
690,228
690.201,226.755
706.5,219
684,224
702,224
702.049,222.51
707.5,214
707.5,211.5
707.5,210.5
712.282,211.507
705.888,210.816
697.248,210.816
697.099,209.559
707,203
709,203.5
716.256,196.992
706.5,202
706.5,200.5
706,199.5
705.5,199
705.5,198.5
688.302,196.536
704.5,198
704.5,197
704,196.5
703.5,196
712.08,201.6
716.256,200.448
702,196
701.5,194.5
701.5,194.5
701,194.5
701,195
689.472,196.992
698.112,200.448
699.5,195
699.5,194.5
699.5,193.5
699.5,194
711.245,199.066
699,195
698.5,194.5
699,195
698.5,195
699.5,196
687.6,201.6
699.5,197
700.5,195.5
700.5,196.5
709.171,203.213
709.171,203.213
702,198.5
703,199
703.5,199
704,200.5
724.797,200.744
705,202
706,202
706.5,202
707,202.5
707,203
715.938,207.716
716.67,208.34
717.013,208.834
710,205
710.5,205.5
711,206
710.5,205.5
724.032,207.36
724.454,207.878
713.5,207.5
714,208.5
713.318,211.507
715.392,214.272
713.318,215.654
702.95,211.507
716.5,210.5
717.5,210.5
718.5,211
733.812,216.108
734.602,216.648
735.197,216.892
735.907,217.425
736.557,217.847
737.383,218.294
723,214.5
734.087,218.248
734.87,218.715
725,215.5
725.5,216.5
726,216.5
716.256,217.728
724.896,221.184
725.341,221.723
725.939,222.238
733.536,224.64
730,219.5
733.808,218.375
733.536,224.64
733.536,224.64
732,220.5
722.041,216.037
722.492,216.301
722.915,216.579
723.428,216.846
735,222.5
724.896,224.64
743.4,228
750.816,224.64
736,223.5
736.5,223
737.029,223.088
737.286,223.09
731.808,228.096
732.022,228.081
732.235,228.072
732.457,228.056
732.7,228.036
740.448,228.096
740.677,228.082
740.933,228.07
723.168,231.552
723.168,231.552
723.168,231.552
723.168,231.552
723.211,231.713
723.386,231.896
723.45,232.115
723.652,232.38
723.667,232.637
723.723,232.89
723.818,233.131
723.168,235.008
723.168,235.008
717.84,236.16
717.806,236.612
717.821,237.107
717.703,237.632
723.168,238.464
723.168,238.464
723.168,238.464
723.2,238.986
723.189,239.52
723.055,239.973
723.059,240.417
723.168,241.92
722.97,242.393
722.899,242.931
722.826,243.317
740.448,241.92
732.24,241.92
731.879,242.285
731.653,242.535
731.241,242.783
730.82,242.888
731.808,241.92
731.352,242.193
730.925,242.437
730.322,242.793
729.963,243.043
729.385,243.376
728.826,243.801
728.303,244.234
727.56,244.464
726.831,244.669
714.528,248.832
725.04,247.68
725.04,247.68
714.528,248.832
713.984,248.853
713.503,248.868
712.98,248.944
712.473,248.936
711.952,248.982
711.512,249.124
710.937,249.163
718.5,250
717.953,250.174
717.339,250.25
716.713,250.364
715.949,250.467
715.356,250.554
714.877,250.717
714.217,250.832
713.941,250.895
710.64,250.56
710.64,250.56
710.64,250.56
710.14,250.624
705.888,252.288
708.5,252
708.5,252
708.5,252
708.5,252
708.206,252.005
708.131,251.973
707.904,251.961
707.859,251.919
707.83,251.903
707.805,251.845
707.713,251.772
707.494,251.749
703.44,250.56
703.44,250.56
703.44,250.56
703.44,250.56
703.44,250.56
703.438,250.559
700.2,252
700.212,251.9
700.073,251.852
700.054,251.807
706.2,249.6
706.193,249.547
706.06,249.544
706.027,249.381
706.01,249.241
698.5,250
698.5,250
703.5,250
703.502,250.007
703.523,250.009
703.524,249.971
703.505,249.908
703.496,249.829
703.437,249.839
703.437,249.839
703.383,249.828
703.379,249.826
703.382,249.819
703.386,249.816
703.321,249.884
703.5,250
703.566,250.1
703.579,250.101
703.587,250.101
703.69,250.113
703.782,250.144
703.5,250
703.694,249.848
703.889,249.791
696.24,250.56
696.292,250.57
696.42,250.575
696.24,250.56
696.261,250.576
696.308,250.576
705.888,248.832
705.888,248.832
705.945,248.799
706.195,248.794
706.397,248.72
706.705,248.74
706.801,248.739
707.104,248.731
707.192,248.716
707.463,248.715
707.951,248.716
708.189,248.727
703.44,250.56
703.788,250.564
704.317,250.559
708.5,250
708.915,249.971
714.528,248.832
714.528,248.832
714.528,248.832
715.169,248.844
715.667,248.792
716.027,248.789
716.369,248.686
716.634,248.69
716.969,248.651
716.996,248.633
717.341,248.564
717.529,248.523
718.007,248.298
718.278,248.289
714.528,248.832
714.66,248.809
715.152,248.76
723.5,248
724.106,247.768
714.528,248.832
714.602,248.772
710.64,247.68
710.64,247.68
710.947,247.525
711.04,247.408
728.5,246
714.528,245.376
714.575,245.258
714.786,244.908
714.98,244.812
714.986,244.524
715.204,244.347
715.247,244.069
723.168,241.92
723.168,241.92
723.356,241.738
723.657,241.479
731.808,238.464
757.728,238.464
758.036,238.417
758.299,238.234
717.84,241.92
717.854,241.737
718.019,241.659
718.284,241.547
733.5,240
733.654,239.863
733.897,239.853
734.19,239.66
734.423,239.592
723.168,238.464
723.168,238.464
723.168,238.464
723.168,238.464
723.327,238.465
723.501,238.46
723.508,238.455
723.477,238.457
723.549,238.608
723.568,238.612
723.553,238.859
723.568,238.948
723.572,238.948
723.608,239.145
723.605,239.154
723.593,239.213
723.569,239.244
723.403,239.384
717.84,241.92
723.168,241.92
723.168,241.92
723.168,241.92
723.168,241.92
723.168,241.92
723.168,241.92
722.821,241.978
722.574,242.209
722.292,242.279
722.057,242.326
721.82,242.341
721.525,242.37
721.134,242.407
720.905,242.443
720.686,242.48
720.436,242.546
720.242,242.547
719.99,242.535
719.672,242.493
719.303,242.322
728.5,242
728.358,241.842
728.007,241.768
714.528,241.92
714.528,241.92
714.419,241.801
725.04,239.04
724.781,238.862
724.415,238.704
724.023,238.636
723.47,238.585
723.166,238.365
723.168,238.464
722.675,238.244
714.528,238.464
714.075,238.366
713.553,238.094
713.192,238.052
712.576,237.972
712.048,237.955
711.581,237.955
711.097,237.935
710.582,237.913
710.169,237.904
709.571,237.885
709.129,237.871
705.888,238.464
705.436,238.469
688.608,238.464
688.608,238.464
688.182,238.454
687.717,238.467
713.5,238
718.5,238
710.64,236.16
710.64,236.16
710.64,236.16
710.64,236.16
710.286,236.222
710.64,236.16
710.344,236.146
709.959,236.262
697.248,238.464
696.956,238.593
708.5,238
703.5,238
703.359,238.13
703.109,238.237
705.888,235.008
705.691,235.121
705.527,235.288
705.456,235.387
705.328,235.652
705.238,235.655
705.136,235.781
708.5,240
708.476,240.037
708.403,240.307
708.399,240.308
708.404,240.364
708.442,240.375
708.475,240.457
708.523,240.459
697.248,241.92
697.248,241.92
697.248,241.92
697.248,241.92
697.31,242.055
708.5,242
708.5,242
708.714,242.15
708.963,242.176
709.147,242.277
705.888,241.92
714.528,241.92
697.248,241.92
710.64,241.92
710.64,241.92
710.64,241.92
710.64,241.92
710.64,241.92
696.24,244.8
696.436,244.878
696.611,244.885
713.5,244
713.5,244
708.5,244
708.5,244
713.5,244
713.707,244.003
713.918,244.017
714.146,244.002
714.331,243.999
714.569,243.993
714.611,243.89
714.81,243.803
715.117,243.763
715.245,243.609
715.459,243.575
715.545,243.523
714.528,241.92
723.168,241.92
723.168,241.92
723.168,241.92
723.302,241.799
723.278,241.583
718.5,242
705.888,241.92
705.888,241.92
705.991,241.766
706.019,241.558
717.84,239.04
717.84,239.04
717.84,239.04
717.883,238.843
718.5,240
718.535,239.839
718.561,239.64
718.583,239.494
718.597,239.223
718.567,238.938
718.582,238.701
718.611,238.616
713.5,238
718.5,238
718.5,238
718.476,237.779
718.428,237.668
717.84,236.16
717.835,236.111
717.839,235.902
717.794,235.899
714.528,235.008
714.528,235.008
714.527,235.008
714.528,235.008
718.5,236
713.5,236
718.5,236
718.5,236
713.5,236
713.439,235.997
713.438,235.996
713.435,235.997
718.5,236
718.5,236
718.493,235.995
718.49,235.997
718.495,235.997
718.5,236
718.518,235.99
718.523,235.818
718.753,235.772
719.013,235.615
719.197,235.592
705.888,235.008
705.888,235.008
705.888,235.008
705.852,234.803
718.5,234
713.5,234
713.699,233.748
714,233.551
725,225
715.619,227.706
725.76,231.552
736.128,228.096
736.204,227.718
726,223
715.499,227.667
715.688,227.4
715.882,227.025
736.128,224.64
736.209,224.15
736.475,223.836
736.769,223.481
736.128,224.64
705.024,228.096
705.322,227.828
728,218
743.386,215.654
740.448,217.728
723.168,217.728
728.5,218.5
728.5,218.5
741.312,221.184
741.312,221.184
741.312,221.184
729.5,218.5
729.5,218
743.777,215.852
722.65,223.949
722.712,223.967
722.919,224.026
722.988,224.26
722.65,215.654
730.5,219.5
731,219.5
724.899,224.732
724.995,224.849
725.224,224.89
725.309,225.104
725.434,225.237
725.551,225.458
725.61,225.577
725.816,225.683
725.916,225.708
725.909,225.893
733,221.5
733.5,221.5
725.76,224.64
725.7,224.738
725.692,224.947
725.713,225.06
725.591,225.159
725.504,225.254
725.36,225.417
746.496,228.096
746.468,228.13
725.76,227.52
725.76,228.096
743.04,230.4
743.04,230.4
742.981,230.348
742.828,230.331
742.629,230.217
742.464,229.966
742.317,229.797
742.178,229.765
730,221
729.563,220.941
743.386,219.802
743.386,223.949
743.386,223.949
743.241,223.927
743.386,219.802
722.65,223.949
728.5,220.5
735.918,224.633
735.87,224.631
735.581,224.616
727.5,220
744.422,223.949
727.5,220.5
727.5,220.5
736.103,224.495
736.089,224.492
725.76,224.64
727.5,219
727.5,219.5
725.733,214.256
727.5,219.5
727.5,219.5
727.5,219
723.686,223.949
723.679,223.953
723.67,223.991
723.707,224.13
723.748,224.133
723.816,224.152
723.787,224.151
723.577,224.185
727.5,220.5
727.5,220.5
727.5,220.5
725.76,224.64
736.128,224.64
725.76,224.64
726.5,220.5
725.76,224.64
736.128,224.64
736.116,224.644
735.947,224.663
725.76,224.64
736.128,224.64
736.128,224.64
746.496,228.096
715.392,228.096
715.393,228.273
715.293,228.507
715.109,228.636
714.893,228.874
714.866,229.103
714.835,229.328
714,230
713.752,230.261
712.8,230.4
712.602,230.605
712.098,230.83
714,232
714,232
714,232
713.492,232.279
720,232
712.8,232.8
712.8,232.8
712.8,232.8
717.12,233.28
717.12,233.28
712.8,232.8
705.024,231.552
717.12,233.28
705.024,231.552
705.024,231.552
705.024,231.552
705.024,231.552
705.019,231.499
705.024,231.552
705.017,231.532
704.998,231.258
705.034,231.052
708.48,230.4
708.528,230.061
708.55,229.775
717.5,222.5
732.672,224.64
732.672,224.64
732.732,224.269
732.72,223.747
718,221
725.719,224.169
718,220
718,220
736.154,220.858
725.76,224.64
718,219
718,218
725.861,213.969
725.889,213.534
736.128,217.728
736.106,217.463
725.76,221.184
725.523,221.041
725.533,220.863
725.428,220.58
725.254,220.308
717.5,215
713.5,222
722.65,219.802
722.432,219.478
716.5,214.5
732.396,214.044
732.077,213.858
731.891,213.626
731.527,213.465
715.5,212.5
715.5,212.5
732.672,210.816
732.672,210.816
714,213
713.5,212.5
732.133,210.736
731.542,210.771
731.075,210.856
711.36,218.88
711.5,212
710.968,211.488
710.365,211.508
709.5,213.5
709.5,213.5
708.5,220
707.961,220.193
708.5,220
707,214
706.5,213.5
710.236,218.793
717.84,221.76
705.5,213.5
705.5,213
721.994,215.712
721.995,215.433
721.775,215.35
704.5,212.5
705,212.5
690.334,210.586
690.507,210.38
705,211.5
705.5,211
145.567,154.276
145.567,154.276
145.567,154.276
705.5,209
706,209.5
121.306,157.594
135.648,155.52
706.5,208.5
135.648,155.52
135.648,155.527
707,207.5
707,207
135.648,155.521
135.65,155.521
707,206.5
135.652,155.523
135.652,155.522
707,205.5
707,204.5
135.648,155.52
707,204.5
707,203.5
135.648,155.52
135.624,155.52
708,203.5
708,203.5
135.615,155.522
708.5,203.5
708.5,204
101.088,169.344
98.64,172.8
710,204.5
710.5,205
749.952,210.816
741.312,214.272
712.5,206.5
713.5,206.5
715.98,211.136
716.528,211.434
717.189,211.687
715.5,207.5
716.259,214.639
717.082,214.733
718.5,208.5
717.5,208
734.334,211.083
733.536,217.728
735.091,211.507
735.879,211.623
714.355,211.507
723.5,209.5
724.5,209
725.213,208.786
723.686,203.213
723.686,215.654
724.431,215.76
724.961,215.961
728.5,210.5
715.392,210.816
716.041,211.033
730.5,211
741.703,214.503
732.672,217.728
732,212
741.767,217.933
733,212
733,212
733.1,212.031
734,212
734.5,212
733.576,211.998
733.576,211.998
733.576,211.998
733.576,211.998
733.576,211.998
733.576,211.998
733.576,211.998
733.576,211.998
733.576,211.998
733.576,211.998
733.576,211.998
733.576,211.998
737,214
744.422,219.802
744.406,219.825
744.399,219.859
744.403,220.039
